1,Agent1,1
2,Agent1,1
3,Agent1,1
4,Agent1,1
5,Agent1,1
6,Agent1,1
7,Agent1,1
8,Agent1,1
9,Agent1,1
10,Agent1,1
11,Agent1,1
12,Agent1,1
13,Agent1,1
14,Agent1,1
15,Agent1,1
16,Agent1,1
17,Agent1,1
18,Agent1,1
19,Agent1,1
20,Agent1,1
21,Agent1,1
22,Agent1,1
23,Agent1,1
24,Agent1,1
25,Agent1,1
26,Agent1,1
27,Agent1,1
28,Agent1,1
29,Agent1,1
30,Agent1,1
31,Agent1,1
32,Agent1,1
33,Agent1,1
34,Agent1,1
35,Agent1,1
36,Agent1,1
37,Agent1,1
38,Agent1,1
39,Agent1,1
40,Agent1,1
41,Agent1,1
42,Agent1,1
43,Agent1,1
44,Agent1,1
45,Agent1,1
46,Agent1,1
47,Agent1,1
48,Agent1,1
49,Agent1,1
50,Agent1,1
51,Agent1,1
52,Agent1,1
53,Agent1,1
54,Agent1,1
55,Agent1,1
56,Agent1,1
57,Agent1,1
58,Agent1,1
59,Agent1,1
60,Agent1,1
61,Agent1,1
62,Agent1,1
63,Agent1,1
64,Agent1,1
65,Agent1,1
66,Agent1,1
67,Agent1,1
68,Agent1,1
69,Agent1,1
70,Agent1,1
71,Agent1,1
72,Agent1,1
73,Agent1,1
74,Agent1,1
75,Agent1,1
76,Agent1,1
77,Agent1,1
78,Agent1,1
79,Agent1,1
80,Agent1,1
81,Agent1,1
82,Agent1,1
83,Agent1,1
84,Agent1,1
85,Agent1,1
86,Agent1,1
87,Agent1,1
88,Agent1,1
89,Agent1,1
90,Agent1,1
91,Agent1,1
92,Agent1,1
93,Agent1,1
94,Agent1,1
95,Agent1,1
96,Agent1,1
97,Agent1,1
98,Agent1,1
99,Agent1,1
100,Agent1,1
101,Agent1,1
102,Agent1,1
103,Agent1,1
104,Agent1,1
105,Agent1,1
106,Agent1,1
107,Agent1,1
108,Agent1,1
109,Agent1,1
110,Agent1,1
111,Agent1,1
112,Agent1,1
113,Agent1,1
114,Agent1,1
115,Agent1,1
116,Agent1,1
117,Agent1,1
118,Agent1,1
119,Agent1,1
120,Agent1,1
121,Agent1,1
122,Agent1,1
123,Agent1,1
124,Agent1,1
125,Agent1,1
126,Agent1,1
127,Agent1,1
128,Agent1,1
129,Agent1,1
130,Agent1,1
131,Agent1,1
132,Agent1,1
133,Agent1,1
134,Agent1,1
135,Agent1,1
136,Agent1,1
137,Agent1,1
138,Agent1,1
139,Agent1,1
140,Agent1,1
141,Agent1,1
142,Agent1,1
143,Agent1,1
144,Agent1,1
145,Agent1,1
146,Agent1,1
147,Agent1,1
148,Agent1,1
149,Agent1,1
150,Agent1,1
151,Agent1,1
152,Agent1,1
153,Agent1,1
154,Agent1,1
155,Agent1,1
156,Agent1,1
157,Agent1,1
158,Agent1,1
159,Agent1,1
160,Agent1,1
161,Agent1,1
162,Agent1,1
163,Agent1,1
164,Agent1,1
165,Agent1,1
166,Agent1,1
167,Agent1,1
168,Agent1,1
169,Agent1,1
170,Agent1,1
171,Agent1,1
172,Agent1,1
173,Agent1,1
174,Agent1,1
175,Agent1,1
176,Agent1,1
177,Agent1,1
178,Agent1,1
179,Agent1,1
180,Agent1,1
181,Agent1,1
182,Agent1,1
183,Agent1,1
184,Agent1,1
185,Agent1,1
186,Agent1,1
187,Agent1,1
188,Agent1,1
189,Agent1,1
190,Agent1,1
191,Agent1,1
192,Agent1,1
193,Agent1,1
194,Agent1,1
195,Agent1,1
196,Agent1,1
197,Agent1,1
198,Agent1,1
199,Agent1,1
200,Agent1,1
201,Agent1,1
202,Agent1,1
203,Agent1,1
204,Agent1,1
205,Agent1,1
206,Agent1,1
207,Agent1,1
208,Agent1,1
209,Agent1,1
210,Agent1,1
211,Agent1,1
212,Agent1,1
213,Agent1,1
214,Agent1,1
215,Agent1,1
216,Agent1,1
217,Agent1,1
218,Agent1,1
219,Agent1,1
220,Agent1,1
221,Agent1,1
222,Agent1,1
223,Agent1,1
224,Agent1,1
225,Agent1,1
226,Agent1,1
227,Agent1,1
228,Agent1,1
229,Agent1,1
230,Agent1,1
231,Agent1,1
232,Agent1,1
233,Agent1,1
234,Agent1,1
235,Agent1,1
236,Agent1,1
237,Agent1,1
238,Agent1,1
239,Agent1,1
240,Agent1,1
241,Agent1,1
242,Agent1,1
243,Agent1,1
244,Agent1,1
245,Agent1,1
246,Agent1,1
247,Agent1,1
248,Agent1,1
249,Agent1,1
250,Agent1,1
251,Agent1,1
252,Agent1,1
253,Agent1,1
254,Agent1,1
255,Agent1,1
256,Agent1,1
257,Agent1,1
258,Agent1,1
259,Agent1,1
260,Agent1,1
261,Agent1,1
262,Agent1,1
263,Agent1,1
264,Agent1,1
265,Agent1,1
266,Agent1,1
267,Agent1,1
268,Agent1,1
269,Agent1,1
270,Agent1,1
271,Agent1,1
272,Agent1,1
273,Agent1,1
274,Agent1,1
275,Agent1,1
276,Agent1,1
277,Agent1,1
278,Agent1,1
279,Agent1,1
280,Agent1,1
281,Agent1,1
282,Agent1,1
283,Agent1,1
284,Agent1,1
285,Agent1,1
286,Agent1,1
287,Agent1,1
288,Agent1,1
289,Agent1,1
290,Agent1,1
291,Agent1,1
292,Agent1,1
293,Agent1,1
294,Agent1,1
295,Agent1,1
296,Agent1,1
297,Agent1,1
298,Agent1,1
299,Agent1,1
300,Agent1,1
301,Agent2,1
302,Agent2,1
303,Agent2,1
304,Agent2,1
305,Agent2,1
306,Agent2,1
307,Agent2,1
308,Agent2,1
309,Agent2,1
310,Agent2,1
311,Agent2,1
312,Agent2,1
313,Agent2,1
314,Agent2,1
315,Agent2,1
316,Agent2,1
317,Agent2,1
318,Agent2,1
319,Agent2,1
320,Agent2,1
321,Agent2,1
322,Agent2,1
323,Agent2,1
324,Agent2,1
325,Agent2,1
326,Agent2,1
327,Agent2,1
328,Agent2,1
329,Agent2,1
330,Agent2,1
331,Agent2,1
332,Agent2,1
333,Agent2,1
334,Agent2,1
335,Agent2,1
336,Agent2,1
337,Agent2,1
338,Agent2,1
339,Agent2,1
340,Agent2,1
341,Agent2,1
342,Agent2,1
343,Agent2,1
344,Agent2,1
345,Agent2,1
346,Agent2,1
347,Agent2,1
348,Agent2,1
349,Agent2,1
350,Agent2,1
351,Agent2,1
352,Agent2,1
353,Agent2,1
354,Agent2,1
355,Agent2,1
356,Agent2,1
357,Agent2,1
358,Agent2,1
359,Agent2,1
360,Agent2,1
361,Agent2,1
362,Agent2,1
363,Agent2,1
364,Agent2,1
365,Agent2,1
366,Agent2,1
367,Agent2,1
368,Agent2,1
369,Agent2,1
370,Agent2,1
371,Agent2,1
372,Agent2,1
373,Agent2,1
374,Agent2,1
375,Agent2,1
376,Agent2,1
377,Agent2,1
378,Agent2,1
379,Agent2,1
380,Agent2,1
381,Agent2,1
382,Agent2,1
383,Agent2,1
384,Agent2,1
385,Agent2,1
386,Agent2,1
387,Agent2,1
388,Agent2,1
389,Agent2,1
390,Agent2,1
391,Agent2,1
392,Agent2,1
393,Agent2,1
394,Agent2,1
395,Agent2,1
396,Agent2,1
397,Agent2,1
398,Agent2,1
399,Agent2,1
400,Agent2,1
401,Agent2,1
402,Agent2,1
403,Agent2,1
404,Agent2,1
405,Agent2,1
406,Agent2,1
407,Agent2,1
408,Agent2,1
409,Agent2,1
410,Agent2,1
411,Agent2,1
412,Agent2,1
413,Agent2,1
414,Agent2,1
415,Agent2,1
416,Agent2,1
417,Agent2,1
418,Agent2,1
419,Agent2,1
420,Agent2,1
421,Agent2,1
422,Agent2,1
423,Agent2,1
424,Agent2,1
425,Agent2,1
426,Agent2,1
427,Agent2,1
428,Agent2,1
429,Agent2,1
430,Agent2,1
431,Agent2,1
432,Agent2,1
433,Agent2,1
434,Agent2,1
435,Agent2,1
436,Agent2,1
437,Agent2,1
438,Agent2,1
439,Agent2,1
440,Agent2,1
441,Agent2,1
442,Agent2,1
443,Agent2,1
444,Agent2,1
445,Agent2,1
446,Agent2,1
447,Agent2,1
448,Agent2,1
449,Agent2,1
450,Agent2,1
451,Agent2,1
452,Agent2,1
453,Agent2,1
454,Agent2,1
455,Agent2,1
456,Agent2,1
457,Agent2,1
458,Agent2,1
459,Agent2,1
460,Agent2,1
461,Agent2,1
462,Agent2,1
463,Agent2,1
464,Agent2,1
465,Agent2,1
466,Agent2,1
467,Agent2,1
468,Agent2,1
469,Agent2,1
470,Agent2,1
471,Agent2,1
472,Agent2,1
473,Agent2,1
474,Agent2,1
475,Agent2,1
476,Agent2,1
477,Agent2,1
478,Agent2,1
479,Agent2,1
480,Agent2,1
481,Agent2,1
482,Agent2,1
483,Agent2,1
484,Agent2,1
485,Agent2,1
486,Agent2,1
487,Agent2,1
488,Agent2,1
489,Agent2,1
490,Agent2,1
491,Agent2,1
492,Agent2,1
493,Agent2,1
494,Agent2,1
495,Agent2,1
496,Agent2,1
497,Agent2,1
498,Agent2,1
499,Agent2,1
500,Agent2,1
501,Agent2,1
502,Agent2,1
503,Agent2,1
504,Agent2,1
505,Agent2,1
506,Agent2,1
507,Agent2,1
508,Agent2,1
509,Agent2,1
510,Agent2,1
511,Agent2,1
512,Agent2,1
513,Agent2,1
514,Agent2,1
515,Agent2,1
516,Agent2,1
517,Agent2,1
518,Agent2,1
519,Agent2,1
520,Agent2,1
521,Agent2,1
522,Agent2,1
523,Agent2,1
524,Agent2,1
525,Agent2,1
526,Agent2,1
527,Agent2,1
528,Agent2,1
529,Agent2,1
530,Agent2,1
531,Agent2,1
532,Agent2,1
533,Agent2,1
534,Agent2,1
535,Agent2,1
536,Agent2,1
537,Agent2,1
538,Agent2,1
539,Agent2,1
540,Agent2,1
541,Agent2,1
542,Agent2,1
543,Agent2,1
544,Agent2,1
545,Agent2,1
546,Agent2,1
547,Agent2,1
548,Agent2,1
549,Agent2,1
550,Agent2,1
551,Agent2,1
552,Agent2,1
553,Agent2,1
554,Agent2,1
555,Agent2,1
556,Agent2,1
557,Agent2,1
558,Agent2,1
559,Agent2,1
560,Agent2,1
561,Agent2,1
562,Agent2,1
563,Agent2,1
564,Agent2,1
565,Agent2,1
566,Agent2,1
567,Agent2,1
568,Agent2,1
569,Agent2,1
570,Agent2,1
571,Agent2,1
572,Agent2,1
573,Agent2,1
574,Agent2,1
575,Agent2,1
576,Agent2,1
577,Agent2,1
578,Agent2,1
579,Agent2,1
580,Agent2,1
581,Agent2,1
582,Agent2,1
583,Agent2,1
584,Agent2,1
585,Agent2,1
586,Agent2,1
587,Agent2,1
588,Agent2,1
589,Agent2,1
590,Agent2,1
591,Agent2,1
592,Agent2,1
593,Agent2,1
594,Agent2,1
595,Agent2,1
596,Agent2,1
597,Agent2,1
598,Agent2,1
599,Agent2,1
600,Agent2,1
601,Agent3,1
602,Agent3,1
603,Agent3,1
604,Agent3,1
605,Agent3,1
606,Agent3,1
607,Agent3,1
608,Agent3,1
609,Agent3,1
610,Agent3,1
611,Agent3,1
612,Agent3,1
613,Agent3,1
614,Agent3,1
615,Agent3,1
616,Agent3,1
617,Agent3,1
618,Agent3,1
619,Agent3,1
620,Agent3,1
621,Agent3,1
622,Agent3,1
623,Agent3,1
624,Agent3,1
625,Agent3,1
626,Agent3,1
627,Agent3,1
628,Agent3,1
629,Agent3,1
630,Agent3,1
631,Agent3,1
632,Agent3,1
633,Agent3,1
634,Agent3,1
635,Agent3,1
636,Agent3,1
637,Agent3,1
638,Agent3,1
639,Agent3,1
640,Agent3,1
641,Agent3,1
642,Agent3,1
643,Agent3,1
644,Agent3,1
645,Agent3,1
646,Agent3,1
647,Agent3,1
648,Agent3,1
649,Agent3,1
650,Agent3,1
651,Agent3,1
652,Agent3,1
653,Agent3,1
654,Agent3,1
655,Agent3,1
656,Agent3,1
657,Agent3,1
658,Agent3,1
659,Agent3,1
660,Agent3,1
661,Agent3,1
662,Agent3,1
663,Agent3,1
664,Agent3,1
665,Agent3,1
666,Agent3,1
667,Agent3,1
668,Agent3,1
669,Agent3,1
670,Agent3,1
671,Agent3,1
672,Agent3,1
673,Agent3,1
674,Agent3,1
675,Agent3,1
676,Agent3,1
677,Agent3,1
678,Agent3,1
679,Agent3,1
680,Agent3,1
681,Agent3,1
682,Agent3,1
683,Agent3,1
684,Agent3,1
685,Agent3,1
686,Agent3,1
687,Agent3,1
688,Agent3,1
689,Agent3,1
690,Agent3,1
691,Agent3,1
692,Agent3,1
693,Agent3,1
694,Agent3,1
695,Agent3,1
696,Agent3,1
697,Agent3,1
698,Agent3,1
699,Agent3,1
700,Agent3,1
701,Agent3,1
702,Agent3,1
703,Agent3,1
704,Agent3,1
705,Agent3,1
706,Agent3,1
707,Agent3,1
708,Agent3,1
709,Agent3,1
710,Agent3,1
711,Agent3,1
712,Agent3,1
713,Agent3,1
714,Agent3,1
715,Agent3,1
716,Agent3,1
717,Agent3,1
718,Agent3,1
719,Agent3,1
720,Agent3,1
721,Agent3,1
722,Agent3,1
723,Agent3,1
724,Agent3,1
725,Agent3,1
726,Agent3,1
727,Agent3,1
728,Agent3,1
729,Agent3,1
730,Agent3,1
731,Agent3,1
732,Agent3,1
733,Agent3,1
734,Agent3,1
735,Agent3,1
736,Agent3,1
737,Agent3,1
738,Agent3,1
739,Agent3,1
740,Agent3,1
741,Agent3,1
742,Agent3,1
743,Agent3,1
744,Agent3,1
745,Agent3,1
746,Agent3,1
747,Agent3,1
748,Agent3,1
749,Agent3,1
750,Agent3,1
751,Agent3,1
752,Agent3,1
753,Agent3,1
754,Agent3,1
755,Agent3,1
756,Agent3,1
757,Agent3,1
758,Agent3,1
759,Agent3,1
760,Agent3,1
761,Agent3,1
762,Agent3,1
763,Agent3,1
764,Agent3,1
765,Agent3,1
766,Agent3,1
767,Agent3,1
768,Agent3,1
769,Agent3,1
770,Agent3,1
771,Agent3,1
772,Agent3,1
773,Agent3,1
774,Agent3,1
775,Agent3,1
776,Agent3,1
777,Agent3,1
778,Agent3,1
779,Agent3,1
780,Agent3,1
781,Agent3,1
782,Agent3,1
783,Agent3,1
784,Agent3,1
785,Agent3,1
786,Agent3,1
787,Agent3,1
788,Agent3,1
789,Agent3,1
790,Agent3,1
791,Agent3,1
792,Agent3,1
793,Agent3,1
794,Agent3,1
795,Agent3,1
796,Agent3,1
797,Agent3,1
798,Agent3,1
799,Agent3,1
800,Agent3,1
801,Agent3,1
802,Agent3,1
803,Agent3,1
804,Agent3,1
805,Agent3,1
806,Agent3,1
807,Agent3,1
808,Agent3,1
809,Agent3,1
810,Agent3,1
811,Agent3,1
812,Agent3,1
813,Agent3,1
814,Agent3,1
815,Agent3,1
816,Agent3,1
817,Agent3,1
818,Agent3,1
819,Agent3,1
820,Agent3,1
821,Agent3,1
822,Agent3,1
823,Agent3,1
824,Agent3,1
825,Agent3,1
826,Agent3,1
827,Agent3,1
828,Agent3,1
829,Agent3,1
830,Agent3,1
831,Agent3,1
832,Agent3,1
833,Agent3,1
834,Agent3,1
835,Agent3,1
836,Agent3,1
837,Agent3,1
838,Agent3,1
839,Agent3,1
840,Agent3,1
841,Agent3,1
842,Agent3,1
843,Agent3,1
844,Agent3,1
845,Agent3,1
846,Agent3,1
847,Agent3,1
848,Agent3,1
849,Agent3,1
850,Agent3,1
851,Agent3,1
852,Agent3,1
853,Agent3,1
854,Agent3,1
855,Agent3,1
856,Agent3,1
857,Agent3,1
858,Agent3,1
859,Agent3,1
860,Agent3,1
861,Agent3,1
862,Agent3,1
863,Agent3,1
864,Agent3,1
865,Agent3,1
866,Agent3,1
867,Agent3,1
868,Agent3,1
869,Agent3,1
870,Agent3,1
871,Agent3,1
872,Agent3,1
873,Agent3,1
874,Agent3,1
875,Agent3,1
876,Agent3,1
877,Agent3,1
878,Agent3,1
879,Agent3,1
880,Agent3,1
881,Agent3,1
882,Agent3,1
883,Agent3,1
884,Agent3,1
885,Agent3,1
886,Agent3,1
887,Agent3,1
888,Agent3,1
889,Agent3,1
890,Agent3,1
891,Agent3,1
892,Agent3,1
893,Agent3,1
894,Agent3,1
895,Agent3,1
896,Agent3,1
897,Agent3,1
898,Agent3,1
899,Agent3,1
900,Agent3,1
901,Agent3,1
902,Agent3,1
903,Agent3,1
904,Agent3,1
905,Agent3,1
906,Agent3,1
907,Agent3,1
908,Agent3,1
909,Agent3,1
910,Agent3,1
911,Agent3,1
912,Agent3,1
913,Agent3,1
914,Agent3,1
915,Agent3,1
916,Agent3,1
917,Agent3,1
918,Agent3,1
919,Agent3,1
920,Agent3,1
921,Agent3,1
922,Agent3,1
923,Agent3,1
924,Agent3,1
925,Agent3,1
926,Agent3,1
927,Agent3,1
928,Agent3,1
929,Agent3,1
930,Agent3,1
931,Agent3,1
932,Agent3,1
933,Agent3,1
934,Agent3,1
935,Agent3,1
936,Agent3,1
937,Agent3,1
938,Agent3,1
939,Agent3,1
940,Agent3,1
941,Agent3,1
942,Agent3,1
943,Agent3,1
944,Agent3,1
945,Agent3,1
946,Agent3,1
947,Agent3,1
948,Agent3,1
949,Agent3,1
950,Agent3,1
951,Agent3,1
952,Agent3,1
953,Agent3,1
954,Agent3,1
955,Agent3,1
956,Agent3,1
957,Agent3,1
958,Agent3,1
959,Agent3,1
960,Agent3,1
961,Agent3,1
962,Agent3,1
963,Agent3,1
964,Agent3,1
965,Agent3,1
966,Agent3,1
967,Agent3,1
968,Agent3,1
969,Agent3,1
970,Agent3,1
971,Agent3,1
972,Agent3,1
973,Agent3,1
974,Agent3,1
975,Agent3,1
976,Agent3,1
977,Agent3,1
978,Agent3,1
979,Agent3,1
980,Agent3,1
981,Agent3,1
982,Agent3,1
983,Agent3,1
984,Agent3,1
985,Agent3,1
986,Agent3,1
987,Agent3,1
988,Agent3,1
989,Agent3,1
990,Agent3,1
991,Agent3,1
992,Agent3,1
993,Agent3,1
994,Agent3,1
995,Agent3,1
996,Agent3,1
997,Agent3,1
998,Agent3,1
999,Agent3,1
1000,Agent3,1
